"province_id.id","district_id.id","municipality_code","municipality_name"
1,1,"01","Bhojpur M"
1,1,"02","Shadanand M"
1,1,"03","Hatuwagadhi RM"
1,1,"04","Ramprasad Rai RM"
1,1,"05","Aamchok RM"
1,1,"06","Tyamke Maiyunm RM"
1,1,"07","Arun RM"
1,1,"08","Pauwadungma RM"
1,1,"09"," Salpasilichho RM"
1,2,"01","Dhankuta M"
1,2,"02","Pakhribas M"
1,2,"03","Mahalaxmi M"
1,2,"04","Sangurigadhi RM"
1,2,"05","Chaubise RM"
1,2,"06","Sahidbhumi RM"
1,2,"07","Chhathar Jorpati RM"
1,3,"01","Ilam M"
1,3,"02","Deumai M"
1,3,"03","Mai Municipality"
1,3,"04","Suryodaya M"
1,3,"05","Phakphokthum RM"
1,3,"06","Mai Jogmai RM"
1,3,"07","Chulachuli RM"
1,3,"08","Rong RM"
1,3,"09","Mangsebung RM"
1,3,"10","Sandakpur RM"
1,4,"01","Mechinagar Municipality"
1,4,"02","Bhadrapur Municipality"
1,4,"03","Birtamod Municipality"
1,4,"04","Arjundhara Municipality"
1,4,"05","Kankai Municipality"
1,4,"06","Shivasatakshi Municipality"
1,4,"07","Gauradaha Municipality"
1,4,"08","Damak Municipality"
1,4,"09","Buddhashanti Rural Municipality"
1,4,"10","Haldibari Rural Municipality"
1,4,"11","Kachankawal Rural Municipality"
1,4,"12","Barhadashi Rural Municipality"
1,4,"13","Jhapa Rural Municipality"
1,4,"14","Gauriganj Rural Municipality"
1,4,"15","Kamal Rural Municipality"
1,5,"01","Diktel Rupakot Majhuwagadhi M"
1,5,"02","Halesi Tuwachung M"
1,5,"03","Khotehang RM"
1,5,"04","Diprung RM"
1,5,"05","Aiselukharka RM"
1,5,"06","Jantedhunga RM"
1,5,"07","Kepilasgadhi RM"
1,5,"08","Barahpokhari RM"
1,5,"09","Rawabesi RM"
1,5,"10","Sakela RM"
1,6,"01","Biratnagar Metropolitan City"
1,6,"02","Sundar Haraicha Municipality"
1,6,"03","Belbari Municipality"
1,6,"04","Pathari-Sanischare Municipality"
1,6,"05","Urlabari Municipality"
1,6,"06","Rangeli Municipality"
1,6,"07","Letang Bhogateni Municipality"
1,6,"08","Ratuwamai Municipality"
1,6,"09","Sunawarshi Municipality"
1,6,"10","Kerabari Rural Municipality"
1,6,"11","Miklajung Rural Municipality"
1,6,"12","Kanepokhari Rural Municipality"
1,6,"13","Budhiganga Rural Municipality"
1,6,"14","Gramthan Rural Municipality"
1,6,"15","Katahari Rural Municipality"
1,6,"16","Dhanpalthan Rural Municipality"
1,6,"17","Jahada Rural Municipality"
1,7,"01","Siddhicharan Municipality"
1,7,"02","Champadevi Rural Municipality"
1,7,"03","Sunkoshi Rural Municipality"
1,7,"04","Likhu Rural Municipality"
1,7,"05","Chisankhugadhi Rural Municipality"
1,7,"06","Molung Rural Municipality"
1,7,"07","Khijidemba Rural Municipality"
1,7,"08","Manebhanjyang Rural Municipality"
1,8,"01","Phidim Municipality"
1,8,"02","Hilihang Rural Municipality"
1,8,"03","Kummayak Rural Municipality"
1,8,"04","Miklajung Rural Municipality"
1,8,"05","Phalelung Rural Municipality"
1,8,"06","Phalgunanda Rural Municipality"
1,8,"07","Tumbewa Rural Municipality"
1,8,"08","Yangawarak Rural Municipality"
1,9,"01","Chainpur M"
1,9,"02","Dharmadevi M"
1,9,"03","Khandbari M"
1,9,"04","Madi M"
1,9,"05","Panchkhapan M"
1,9,"06","Bhotkhola RM"
1,9,"07","Chichila RM"
1,9,"08","Makalu RM"
1,9,"09","Savapokhari RM"
1,9,"10","Silichong RM"
1,10,"01","Solududhkunda M"
1,10,"02","Dudhakaushika RM"
1,10,"03","Nechasalyan RM"
1,10,"04","Dudhkoshi RM"
1,10,"05","Mahakulung RM"
1,10,"06","Sotang RM"
1,10,"07","Likhu Pike RM"
1,10,"08","Khumbu Pasang Lhamu RM"
1,11,"01","Itahari SM"
1,11,"02","Dharan SM"
1,11,"03","Inaruwa M"
1,11,"04","Duhabi M"
1,11,"05","Ramdhuni M"
1,11,"06","Barahachhetra Municipality"
1,11,"07","Koshi RM"
1,11,"08","Gadhi RM"
1,11,"09","Barju RM"
1,11,"10","Bhokraha RM"
1,11,"11","Harinagara RM"
1,11,"12","Dewanganj RM"
1,12,"01","Phungling M"
1,12,"02","Aathrai Tribeni RM"
1,12,"03","Sidingwa RM"
1,12,"04","Phaktanglung RM"
1,12,"05","Mikkwakhola RM"
1,12,"06","Meringden RM"
1,12,"07","Maiwakhola RM"
1,12,"08","Pathibhara Yangwarak RM"
1,12,"09","Sirijangha RM"
1,13,"01","Myanglung M"
1,13,"02","Laligurans M"
1,13,"03","Aathrai RM"
1,13,"04","Chhathar RM"
1,13,"05","Phedap RM"
1,13,"06","Menchhayayem RM"
1,14,"01","Triyuga M"
1,14,"02","Katari M"
1,14,"03","Chaudandigadhi M"
1,14,"04","Belaka M"
1,14,"05","Udayapurgadhi RM"
1,14,"06","Rautamai RM"
1,14,"07","Tapli RM"
1,14,"08","Limchungbung RM"
2,15,"01","Bagmati Municipality"
2,15,"02","Balara Municipality"
2,15,"03","Barahathwa Municipality"
2,15,"04","Godaita Municipality"
2,15,"05","Harion Municipality"
2,15,"06","Haripur Municipality"
2,15,"07","Haripurwa Municipality"
2,15,"08","Ishworpur Municipality"
2,15,"09","Kabilasi Municipality"
2,15,"10","Lalbandi Municipality"
2,15,"11","Malangwa Municipality"
2,15,"12","Basbariya Rural Municipality"
2,15,"13","Bishnu Rural Municipality"
2,15,"14","Brahampuri Rural Municipality"
2,15,"15","Chakraghatta Rural Municipality"
2,15,"16","Chandranagar Rural Municipality"
2,15,"17","Dhankaul Rural Municipality"
2,15,"18","Kaudena Rural Municipality"
2,15,"19","Parsa Rural Municipality"
2,15,"20","Ramnagar Rural Municipality"
2,16,"01","Janakpur Sub Metropolitan City"
2,16,"02","Chhireshwarnath Municipality"
2,16,"03","Ganeshman Charanath"
2,16,"04","Dhanusadham Municipality"
2,16,"05","Nagarain Municipality"
2,16,"06","Bideha Municipality"
2,16,"07","Mithila Municipality"
2,16,"08","Sahidnagar Municipality"
2,16,"09","Sabaila Municipality"
2,16,"10","Kamala Municipality"
2,16,"11","Mithila Bihari Municipality"
2,16,"12","Hansapur Municipality"
2,16,"13","Janaknandani Rural Municipality"
2,16,"14","Bateshwar Rural Municipality"
2,16,"15","Mukhiyapatti Musharniya Rural Municipality"
2,16,"16","Lakshminya Rural Municipality"
2,16,"17","Aurahi Rural Municipality"
2,16,"18","Dhanauji Rural Municipality"
2,17,"01","Kalaiya Sub– Metropolitan City"
2,17,"02","Jeetpur Simara Sub– Metropolitan City"
2,17,"03","Kolhabi Municipality"
2,17,"04","Nijgadh Municipality"
2,17,"05","Mahagadhimai Municipality"
2,17,"06","Simraungadh Municipality"
2,17,"07","Pacharauta Municipality"
2,17,"08","Pheta Rural Municipality"
2,17,"09","Bishrampur Rural Municipality"
2,17,"10","Prasauni Rural Municipality"
2,17,"11","Adarsh Kotwal Rural Municipality"
2,17,"12","Karaiyamai Rural Municipality"
2,17,"13","Devtal Rural Municipality"
2,17,"14","Parwanipur Rural Municipality"
2,17,"15","Baragadhi Rural Municipality"
2,17,"16","Suwarna Rural Municipality"
2,18,"01","Baudhimai Municipality"
2,18,"02","Brindaban Municipality"
2,18,"03","Chandrapur Municipality"
2,18,"04","Dewahi Gonahi Municipality"
2,18,"05","Gadhimai Municipality, Nepal"
2,18,"06","Garuda Municipality"
2,18,"07","Gaur Municipality"
2,18,"08","Gujara Municipality"
2,18,"09","Ishanath Municipality"
2,18,"10","Katahariya Municipality"
2,18,"11","Madhav Narayan Municipality"
2,18,"12","Maulapur Municipality"
2,18,"13","Paroha Municipality"
2,18,"14","Phatuwa Bijayapur Municipality"
2,18,"15","Rajdevi Municipality"
2,18,"16","Rajpur Municipality"
2,18,"17","Durga Bhagwati Rural Municipality"
2,18,"18","Yamunamai Rural Municipality"
2,19,"01","Bodebarsain Municipality"
2,19,"02","Dakneshwori Municipality"
2,19,"03","Hanumannagar Kankalini Municipality"
2,19,"04","Kanchanrup Municipality"
2,19,"05","Khadak Municipality"
2,19,"06","Sambhunath Municipality"
2,19,"07","Saptakoshi Municipality"
2,19,"08","Surunga Municipality"
2,19,"09","Rajbiraj Municipality"
2,19,"10","Agnisair Krishnasavaran Rural Municipality"
2,19,"11","Balan-Bihul Rural Municipality"
2,19,"12","Rajgadh Rural Municipality"
2,19,"13","Bishnupur Rural Municipality"
2,19,"14","Chhinnamasta Rural Municipality"
2,19,"15","Mahadeva Rural Municipality"
2,19,"16","Rupani Rural Municipality"
2,19,"17","Tilathi Koiladi Rural Municipality"
2,19,"18","Tirhut Rural Municipality"
2,20,"01","Lahan Municipality"
2,20,"02","Dhangadhimai Municipality"
2,20,"03","Siraha Municipality"
2,20,"04","Golbazar Municipality"
2,20,"05","Mirchaiya Municipality"
2,20,"06","Kalyanpur Municipality"
2,20,"07","Karjanha Municipality"
2,20,"08","Sukhipur Municipality"
2,20,"09","Bhagwanpur Rural Municipality"
2,20,"10","Aurahi Rural Municipality"
2,20,"11","Bishnupur Rural Municipality"
2,20,"12","Bariyarpatti Rural Municipality"
2,20,"13","Lakshmipur Patari Rural Municipality"
2,20,"14","Naraha Rural Municipality"
2,20,"15","Sakhuwanankarkatti Rural Municipality"
2,20,"16","Arnama Rural Municipality"
2,20,"17","Nawarajpur Rural Municipality"
2,21,"01","Aurahi Municipality"
2,21,"02","Balawa Municipality"
2,21,"03","Bardibas Municipality"
2,21,"04","Bhangaha Municipality"
2,21,"05","Gaushala Municipality"
2,21,"06","Jaleshwor Municipality"
2,21,"07","Loharpatti Municipality"
2,21,"08","Manara Shiswa Municipality"
2,21,"09","Matihani Municipality"
2,21,"10","Ramgopalpur Municipality"
2,21,"11","Ekdara Rural Municipality"
2,21,"12","Mahottari Rural Municipality"
2,21,"13","Pipara Rural Municipality"
2,21,"14","Samsi Rural Municipality"
2,21,"15","Sonama Rural Municipality"
2,22,"01","Birgunj Metropolitan"
2,22,"02","Bahudarmai Municipality"
2,22,"03","Parsagadhi Municipality"
2,22,"04","Pokhariya Municipality"
2,22,"05","Bindabasini Rural Municipality"
2,22,"06","Dhobini Rural Municipality"
2,22,"07","Chhipaharmai Rural Municipality"
2,22,"08","Jagarnathpur Rural Municipality"
2,22,"09","Jirabhawani Rural Municipality"
2,22,"10","Kalikamai Rural Municipality"
2,22,"11","Pakaha Mainpur Rural Municipality"
2,22,"12","Paterwa Sugauli Rural Municipality"
2,22,"13","Sakhuwa Prasauni Rural Municipality"
2,22,"14","Thori Rural Municipality"
3,23,"01","Kamalamai Municipality"
3,23,"02","Dudhauli Municipality"
3,23,"03","Sunkoshi Rural Municipality"
3,23,"04","Hariharpur Gadhi Rural Municipality"
3,23,"05","Tinpatan Rural Municipality"
3,23,"06","Marin Rural Municipality"
3,23,"07","Golanjor Rural Municipality"
3,23,"08","Phikkal Rural Municipality"
3,23,"09","Ghyanglekh Rural Municipality"
3,24,"01","Manthali Municipality"
3,24,"02","Ramechhap Municipality"
3,24,"03","Umakunda Rural Municipality"
3,24,"04","Khandadevi Rural Municipality"
3,24,"05","Doramba Rural Municipality"
3,24,"06","Gokulganga Rural Municipality"
3,24,"07","Likhutamakoshi Rural Municipality"
3,24,"08","Sunapati Rural Municipality"
3,25,"01","Bhimeswor Municipality"
3,25,"02","Jiri Municipality"
3,25,"03","Kalinchok Rural Municipality"
3,25,"04","Melung Rural Municipality"
3,25,"05","Bigu Rural Municipality"
3,25,"06","Gaurishankar Rural Municipality"
3,25,"07","Baiteshwor Rural Municipality"
3,25,"08","Sailung Rural Municipality"
3,25,"09","Tamakoshi Rural Municipality"
3,26,"01","Bhaktapur Municipality"
3,26,"02","Changunarayan Municipality"
3,26,"03","Madhyapur Thimi Municipality"
3,26,"04","Suryabinayak Municipality"
3,27,"01","Dhunibeshi Municipality"
3,27,"02","Nilkantha Municipality"
3,27,"03","Khaniyabas Rural Municipality"
3,27,"04","Gajuri Rural Municipality"
3,27,"05","Galchhi Rural Municipality"
3,27,"06","Gangajamuna Rural Municipality"
3,27,"07","Jwalamukhi Rural Municipality"
3,27,"08","Thakre Rural Municipality"
3,27,"09","Netrawati Dabjong Rural Municipality"
3,27,"10","Benighat Rorang Rural Municipality"
3,27,"11","Rubi Valley Rural Municipality"
3,27,"12","Siddhalek Rural Municipality"
3,27,"13","Tripurasundari Rural Municipality"
3,28,"01","Kathmandu Metropolitan City"
3,28,"02","Budhanilkantha Municipality"
3,28,"03","Tarakeshwar Municipality"
3,28,"04","Gokarneshwar Municipality"
3,28,"05","Chandragiri Municipality"
3,28,"06","Tokha Municipality"
3,28,"07","Kageshwari-Manohara Municipality"
3,28,"08","Nagarjun Municipality"
3,28,"09","Kirtipur Municipality"
3,28,"10","Dakshinkali Municipality"
3,28,"11","Shankharapur Municipality"
3,29,"01","Dhulikhel Municipality"
3,29,"02","Banepa Municipality"
3,29,"03","Panauti Municipality"
3,29,"04","Panchkhal Municipality"
3,29,"05","Namobuddha Municipality"
3,29,"06","Mandandeupur Municipality"
3,29,"07","Khani Khola Rural Municipality"
3,29,"08","Chauri Deurali Rural Municipality"
3,29,"09","Temal Rural Municipality"
3,29,"10","Bethanchok Rural Municipality"
3,29,"11","Bhumlu Rural Municipality"
3,29,"12","Mahabharat Rural Municipality"
3,29,"13","Roshi Rural Municipality"
3,30,"01","Lalitpur Metropolitan City"
3,30,"02","Mahalaxmi Municipality"
3,30,"03","Godawari Municipality"
3,30,"04","Konjyoson Rural Municipality"
3,30,"05","Bagmati Rural Municipality"
3,30,"06","Mahankal Rural Municipality"
3,31,"01","Bidur Municipality"
3,31,"02","Belkotgadhi Municipality"
3,31,"03","Kakani Rural Municipality"
3,31,"04","Panchakanya Rural Municipality"
3,31,"05","Likhu Rural Municipality"
3,31,"06","Dupcheshwar Rural Municipality"
3,31,"07","Shivapuri Rural Municipality"
3,31,"08","Tadi Rural Municipality"
3,31,"09","Suryagadhi Rural Municipality"
3,31,"10","Tarkeshwar Rural Municipality"
3,31,"11","Kispang Rural Municipality"
3,31,"12","Myagang Rural Municipality"
3,32,"01","Uttargaya Rural Municipality"
3,32,"02","Kalika Rural Municipality"
3,32,"03","Gosaikunda Rural Municipality"
3,32,"04","Naukunda Rural Municipality"
3,32,"05","Aamachhodingmo Rural Municipality"
3,33,"01","Chautara Sangachowkgadi"
3,33,"02","Bahrabise"
3,33,"03","Melamchi"
3,33,"04","Balephi Rural Municipality"
3,33,"05","Sunkoshi Rural Municipality"
3,33,"06","Indrawati Rural Municipality"
3,33,"07","Jugal Rural Municipality"
3,33,"08","Panchpokhari Thangpal Rural Municipality"
3,33,"09","Bhotekoshi Rural Municipality"
3,33,"10","Lisankhu Pakhar Rural Municipality"
3,33,"11","Helambu Rural Municipality"
3,33,"12","Tripurasundari Rural Municipality"
3,34,"01","Bharatpur Metropolitan City"
3,34,"02","Kalika Municipality"
3,34,"03","Khairahani Municipality"
3,34,"04","Madi Municipality"
3,34,"05","Ratnanagar municipality"
3,34,"06","Rapti Municipality"
3,34,"07","Ichchhakamana Rural Municipality"
3,35,"01","Hetauda Sub-Metropolitan City"
3,35,"02","Thaha Municipality"
3,35,"03","Bhimphedi Rural Municipality"
3,35,"04","Makawanpurgadhi Rural Municipality"
3,35,"05","Manahari Rural Municipality"
3,35,"06","Raksirang Rural Municipality"
3,35,"07","Bakaiya Rural Municipality"
3,35,"08","Bagmati Rural Municipality"
3,35,"09","Kailash Rural Municipality"
3,35,"10","Indrasarowar Rural Municipality"
4,36,"01","Baglung Municipality "
4,36,"02","Dhorpatan Municipality"
4,36,"03","Galkot Municipality"
4,36,"04","Jaimuni Municipality"
4,36,"05","Bareng Rural Municipality"
4,36,"06","Khathekhola Rural Municipality"
4,36,"07","Taman Khola Rural Municipality"
4,36,"08","Tara Khola Rural Municipality"
4,36,"09","Nisikhola Rural Municipality"
4,36,"10","Badigad Rural Municipality"
4,37,"01","Gorkha Municipality"
4,37,"02","Palungtar Municipality"
4,37,"03","Sulikot Rural Municipality"
4,37,"04","Siranchowk Rural Municipality"
4,37,"05","Ajirkot Rural Municipality"
4,37,"06","Tsum Nubri Rural Municipality"
4,37,"07","Dharche Rural Municipality"
4,37,"08","Bhimsen Thapa Rural Municipality"
4,37,"09","Sahid Lakhan Rural Municipality"
4,37,"10","Aarughat Rural Municipality"
4,37,"11","Gandaki Rural Municipality"
4,38,"01","Pokhara Metropolitan City"
4,38,"02","Annapurna Rural Municipality"
4,38,"03","Machhapuchchhre Rural Municipality"
4,38,"04","Madi Rural Municipality"
4,38,"05","Rupa Rural Municipality"
4,39,"01","Besisahar Municipality"
4,39,"02","Dordi Rural Municipality"
4,39,"03","Dudhpokhari Rural Municipality"
4,39,"04","Kwhlosothar Rural Municipality"
4,39,"05","Madhya Nepal Municipality"
4,39,"06","Marsyandi Rural Municipality"
4,39,"07","Rainas Municipality"
4,39,"08","Sundarbazar Municipality"
4,40,"01","Chame Rural Municipality"
4,40,"02","Nason Rural Municipality"
4,40,"03","Narpa Bhumi Rural Municipality"
4,40,"04","Manang Ngisyang Rural Municipality"
4,41,"01","Gharapjhong Rural Municipality"
4,41,"02","Thasang Rural Municipality"
4,41,"03","Barhagaun Muktichhetra Rural Municipality"
4,41,"04","Lomanthang Rural Municipality"
4,41,"05","Lo-Ghekar Damodarkunda Rural Municipality"
4,42,"01","Beni Municipality"
4,42,"02","Annapurna Rural Municipality"
4,42,"03","Dhaulagiri Rural Municipality"
4,42,"04","Mangala Rural Municipality"
4,42,"05","Malika Rural Municipality"
4,42,"06","Raghuganga Rural Municipality"
4,43,"01","Kawasoti Municipality"
4,43,"02","Gaindakot Municipality"
4,43,"03","Devachuli Municipality"
4,43,"04","Madhyabindu Municipality"
4,43,"05","Baudikali Rural Municipality"
4,43,"06","Bulingtar Rural Municipality"
4,43,"07","Binayi Tribeni Rural Municipality"
4,43,"08","Hupsekot Rural Municipality"
4,44,"01","Kushma Municipality"
4,44,"02","Phalewas Municipality"
4,44,"03","Jaljala Rural municipality"
4,44,"04","Paiyun Rural Municipality"
4,44,"05","Mahashila Rural Municipality"
4,44,"06","Modi Rural Municipality"
4,44,"07","Bihadi Rural Municipality"
4,45,"01","Galyang Municipality"
4,45,"02","Chapakot Municipality"
4,45,"03","Putalibazar Municipality"
4,45,"04","Bheerkot Municipality"
4,45,"05","Waling Municipality"
4,45,"06","Arjun Chaupari Rural Municipality"
4,45,"07","Aandhikhola Rural Municipality"
4,45,"08","Kaligandaki Rural Municipality"
4,45,"09","Phedikhola Rural Municipality"
4,45,"10","Harinas Rural Municipality"
4,45,"11","Biruwa Rural Municipality"
4,46,"01","Bhanu Municipality"
4,46,"02","Bhimad Municipality"
4,46,"03","Byas Municipality"
4,46,"04","Shuklagandaki Municipality"
4,46,"05","Anbu Khaireni Rural Municipality"
4,46,"06","Devghat Rural Municipality"
4,46,"07","Bandipur Rural Municipality"
4,46,"08","Rishing Rural Municipality"
4,46,"09","Ghiring Rural Municipality"
4,46,"10","Myagde Rural Municipality"
5,47,"01","Kapilvastu Municipality"
5,47,"02","Banganga Municipality"
5,47,"03","Buddhabhumi Municipality"
5,47,"04","Shivaraj Municipality"
5,47,"05","Krishnanagar Municipality"
5,47,"06","Maharajgunj Municipality"
5,47,"07","Mayadevi Rural Municipality"
5,47,"08","Yashodhara Rural Municipality"
5,47,"09","Suddhodhan Rural Municipality"
5,47,"10","Bijaynagar Rural Municipality"
5,48,"01","Bardaghat Municipality"
5,48,"02","Ramgram Municipality"
5,48,"03","Sunwal Municipality"
5,48,"04","Susta Rural Municipality"
5,48,"05","Palhinandan Rural Municipality"
5,48,"06","Pratappur Rural Municipality"
5,48,"07","Sarawal Rural Municipality"
5,49,"01","Butwal Sub Metro Municipality"
5,49,"02","Devdaha Municipality"
5,49,"03","Lumbini Sanskritik Municipality"
5,49,"04","Sainamaina Municipality"
5,49,"05","Siddharthanagar Municipality"
5,49,"06","Tilottama Municipality"
5,49,"07","Gaidahawa Rural Municipality"
5,49,"08","Kanchan Rural Municipality"
5,49,"09","Kotahimai Rural Municipality"
5,49,"10","Marchawari Rural Municipality"
5,49,"11","Mayadevi Rural Municipality"
5,49,"12","Omsatiya Rural Municipality"
5,49,"13","Rohini Rural Municipality"
5,49,"14","Sammarimai Rural Municipality"
5,49,"15","Siyari Rural Municipality"
5,49,"16","Suddodhan Rural Municipality"
5,50,"01","Sandhikharka Municipality"
5,50,"02","Sitganga Municipality"
5,50,"03","Bhumikasthan Municipality"
5,50,"04","Chhatradev Rural Municipality"
5,50,"05","Panini Rural Municipality"
5,50,"06","Malarani Rural Municipality"
5,51,"01","Musikot Municipality"
5,51,"02","Resunga Municipality"
5,51,"03","Ishma Rural Municipality"
5,51,"04","Kaligandaki Rural Municipality"
5,51,"05","Gulmi Darbar Rural Municipality"
5,51,"06","Satyawati Rural Municipality"
5,51,"07","Chandrakot Rural Municipality"
5,51,"08","Rurukshetra Rural Municipality"
5,51,"09","Chhatrakot Rural Municipality"
5,51,"10","Dhurkot Rural Municipality"
5,51,"11","Madane Rural Municipality"
5,51,"12","Malika Rural Municipality"
5,52,"01","Tansen Municipality"
5,52,"02","Rampur Municipality"
5,52,"03","Rainadevi Chhahara Rural Municipality"
5,52,"04","Ripdikot Rural Municipality"
5,52,"05","Bagnaskali Rural Municipality"
5,52,"06","Rambha Rural Municipality"
5,52,"07","Purbakhola Rural Municipality"
5,52,"08","Nisdi Rural Municipality"
5,52,"09","Mathagadi Rural Municipality"
5,52,"10","Tinahu Rural Municipality"
5,53,"01","Ghorahi Sub-Metropolitan City"
5,53,"02","Tulsipur Sub-Metropolitan City"
5,53,"03","Lamahi Municipality"
5,53,"04","Gadhawa Rural Municipality"
5,53,"05","Rajpur Rural Municipality"
5,53,"06","Shantinagar Rural Municipality"
5,53,"07","Rapti Rural Municipality"
5,53,"08","Banglachuli Rural Municipality"
5,53,"09","Dangisharan Rural Municipality"
5,53,"10","Babai Rural Municipality"
5,54,"01","Pyuthan Municipality"
5,54,"02","Sworgadwari Municipality"
5,54,"03","Gaumukhi Rural Municipality"
5,54,"04","Mandavi Rural Municipality"
5,54,"05","Sarumarani Rural Municipality"
5,54,"06","Mallarani Rural Municipality"
5,54,"07","Naubahini Rural Municipality"
5,54,"08","Jhimruk Rural Municipality"
5,54,"09","Airawati Rural Municipality"
5,55,"01","Rolpa Municipality"
5,55,"02","Runtigadhi Rural Municipality"
5,55,"03","Triveni Rural Municipality"
5,55,"04","Sunilsmiriti Rural Municipality"
5,55,"05","Lungri Rural Municipality"
5,55,"06","Sunchhahari Rural Municipality"
5,55,"07","Thabang Rural Municipality"
5,55,"08","Madi Rural Municipality"
5,55,"09","Gangadev Rural Municipality"
5,55,"10","Paribartan Rural Municipality "
5,56,"01","Bhume Rural Municipality "
5,56,"02","Putha Uttarganga Rural Municipality "
5,56,"03","Sisne Rural Municipality "
5,57,"01","Nepalgunj Sub-Metropolitan City"
5,57,"02","Kohalpur Municipality"
5,57,"03","Rapti-Sonari Rural Municipality"
5,57,"04","Narainapur Rural Municipality"
5,57,"05","Duduwa Rural Municipality"
5,57,"06","Janaki Rural Municipality"
5,57,"07","Khajura Rural Municipality"
5,57,"08","Baijanath Rural Municipality"
5,58,"01","Gulariya Municipality"
5,58,"02","Rajapur Municipality"
5,58,"03","Madhuwan Municipality"
5,58,"04","Thakurbaba Municipality"
5,58,"05","Basgadhi Municipality"
5,58,"06","Barbardiya Municipality"
5,58,"07","Badhaiyatal Rural Municipality"
5,58,"08","Geruwa Rural Municipality"
6,59,"01","Musikot Municipality"
6,59,"02","Chaurjahari Municipality"
6,59,"03","Aathbiskot Municipality"
6,59,"04","Banphikot Rural Municipality"
6,59,"05","Tribeni Rural Municipality"
6,59,"06","Sani Bheri Rural Municipality"
6,60,"01","Shaarda Municipality"
6,60,"02","Bagchaur Municipality"
6,60,"03","Bangad Kupinde Municipality"
6,60,"04","Kalimati Rural Municipality"
6,60,"05","Tribeni Rural Municipality"
6,60,"06","Kapurkot Rural Municipality"
6,60,"07","Chatreshwari Rural Municipality"
6,60,"08","Kumakh Rural Municipality"
6,60,"09","Siddha Kumakh Rural Municipality"
6,60,"10","Darma Rural Municipality"
6,61,"01","Thuli Bheri Municipality"
6,61,"02","Tripurasundari Municipality"
6,61,"03","Dolpo Buddha Rural Municipality"
6,61,"04","She Phoksundo Rural Municipality"
6,61,"05","Jagadulla Rural Municipality"
6,61,"06","Mudkechula Rural Municipality"
6,61,"07","Kaike Rural Municipality"
6,61,"08","Chharka Tangsong Rural Municipality"
6,62,"01","Simkot Rural Municipality"
6,62,"02","Namkha Rural Municipality"
6,62,"03","Kharpunath Rural Municipality"
6,62,"04","Sarkegad Rural Municipality"
6,62,"05","Chankheli Rural Municipality"
6,62,"06","Adanchuli Rural Municipality"
6,62,"07","Tajakot Rural Municipality"
6,63,"01","Chandannath Municipality"
6,63,"02","Kankasundari Rural Municipality"
6,63,"03","Sinja Rural Municipality"
6,63,"04","Hima Rural Municipality"
6,63,"05","Tila Rural Municipality"
6,63,"06","Guthichaur Rural Municipality"
6,63,"07","Tatopani Rural Municipality"
6,63,"08","Patarasi Rural Municipality"
6,64,"01","Khandachakra Municipality"
6,64,"02","Raskot Municipality"
6,64,"03","Tilagufa Municipality"
6,64,"04","Pachaljharana Rural Municipality"
6,64,"05","Sanni Triveni Rural Municipality"
6,64,"06","Narharinath Rural Municipality"
6,64,"07","Shubha Kalika Rural Municipality"
6,64,"08","Mahawai Rural Municipality"
6,64,"09","Palata Rural Municipality"
6,65,"01","Chhayanath Rara Municipality"
6,65,"02","Mugum Karmarong Rural Municipality"
6,65,"03","Soru Rural Municipality"
6,65,"04","Khatyad Rural Municipality"
6,66,"01","Birendranagar Municipality"
6,66,"02","Bheriganga Municipality"
6,66,"03","Gurbha Kot Municipality"
6,66,"04","Panchapuri Municipality"
6,66,"05","Lekbesi Municipality"
6,66,"06","Chaukune Rural Municipality"
6,66,"07","Barahatal Rural Municipality"
6,66,"08","Chingad Rural Municipality"
6,66,"09","Simta Rural Municipality"
6,67,"01","Narayan Municipality"
6,67,"02","Dullu Municipality"
6,67,"03","Aathbis Municipality"
6,67,"04","Chamunda Bindrasaini Municipality"
6,67,"05","Thantikandh Rural Municipality"
6,67,"06","Bhairabi Rural Municipality"
6,67,"07","Mahabu Rural Municipality"
6,67,"08","Naumule Rural Municipality"
6,67,"09","Dungeshwar Rural Municipality"
6,67,"10","Gurans Rural Municipality"
6,67,"11","Bhagawatimai Rural Municipality"
6,68,"01","Bheri Municipality"
6,68,"02","Chhedagad Municipality"
6,68,"03","Tribeni Nalgad Municipality"
6,68,"04","Junichande Rural Municipality"
6,68,"05","Kushe Rural Municipality"
6,68,"06","Barekot Rural Municipality"
6,68,"07","Shivalaya Rural Municipality"
7,69,"01","Mangalsen M"
7,69,"02","Kamalbazar M"
7,69,"03","Sanfebagar M"
7,69,"04","Panchadewal Binayak M"
7,69,"05","Ramaroshan RM"
7,69,"06","Chaurpati RM"
7,69,"07","Turmakhand RM"
7,69,"08","Mellekh RM"
7,69,"09","Dhakari RM"
7,69,"10","Bannigadi Jayagad RM"
7,70,"01","Dasharathchand Municipality"
7,70,"02","Patan Municipality"
7,70,"03","Melauli Municipality"
7,70,"04","Purchaudi Municipality"
7,70,"05","Sunarya Rural Municipality"
7,70,"06","Sigas Rural Municipality"
7,70,"07","Shivanath Rural Municipality"
7,70,"08","Pancheshwor Rural Municipality"
7,70,"09","Dogdakedar Rural Municipality"
7,70,"10","Dilasaini Rural Municipality"
7,71,"01","Jaya Prithvi Municipality"
7,71,"02","Bungal Municipality"
7,71,"03","Talkot Rural Municipality"
7,71,"04","Masta Rural Municipality"
7,71,"05","Khaptadchhanna Rural Municipality"
7,71,"06","Thalara Rural Municipality"
7,71,"07","Bitthadchir Rural Municipality"
7,71,"08","Surma Rural Municipality"
7,71,"09","Chhabis Pathibhera Rural Municipality"
7,71,"10","Durgathali Rural Municipality"
7,71,"11","Kedarsyu Rural Municipality"
7,71,"12","Saipal Rural Municipality"
7,72,"01","Badimalika Municipality"
7,72,"02","Triveni Municipality"
7,72,"03","Budhiganga Municipality"
7,72,"04","Budhinanda Municipality"
7,72,"05","Gaumul Rural Municipality"
7,72,"06","Jagnnath Rural Municipality"
7,72,"07","Swamikartik Khapar Rural Municipality"
7,72,"08","Chhededaha Rural Municipality"
7,72,"09","Himali Rural Municipality"
7,73,"01","Amargadhi municipality"
7,73,"02","Parshuram municipality"
7,73,"03","Aalitaal Rural Municipality"
7,73,"04","Bhageshwar Rural Municipality"
7,73,"05","Navadurga Rural Municipality"
7,73,"06","Ajaymeru Rural Municipality"
7,73,"07","Ganyapadhura Rural Municipality"
7,74,"01","Mahakali Municipality"
7,74,"02","Shailyasikhar Municipality"
7,74,"03","Malikarjun Rural Municipality"
7,74,"04","Apihimal Rural Municipality"
7,74,"05","Duhun Rural Municipality"
7,74,"06","Naugad Rural Municipality"
7,74,"07","Marma Rural Municipality"
7,74,"08","Lekam Rural Municipality"
7,74,"09","Vyans Rural Municipality"
7,75,"01","Dipayal Silgadhi Municipality"
7,75,"02","Shikhar Municipality"
7,75,"03","Purbichauki Rural Municipality"
7,75,"04","Badikedar Rural Municipality"
7,75,"05","Jorayal Rural Municipality"
7,75,"06","Sayal Rural Municipality"
7,75,"07","Aadarsha Rural Municipality"
7,75,"08","Dr. K. I. Singh Rural Municipality"
7,75,"09","Bogatan Rural Municipality"
7,76,"01","Dhangadhi Sub-Metropolitan City"
7,76,"02","Lamki Chuha Municipality"
7,76,"03","Tikapur Municipality"
7,76,"04","Ghodaghodi Municipality"
7,76,"05","Bhajani Municipality"
7,76,"06","Godawari Municipality"
7,76,"07","Gauriganga Municipality"
7,76,"08","Janaki Rural Municipality"
7,76,"09","Bardagoriya Rural Municipality"
7,76,"10","Mohanyal Rural Municipality"
7,76,"11","Kailari Rural Municipality"
7,76,"12","Joshipur Rural Municipality"
7,76,"13","Chure Rural Municipality"
7,77,"01","Bedkot Municipality"
7,77,"02","Belauri Municipality"
7,77,"03","Bhimdatta Municipality"
7,77,"04","Mahakali Municipality"
7,77,"05","Shuklaphanta Municipality"
7,77,"06","Krishnapur Municipality"
7,77,"07","Punarbas Municipality"
7,77,"08","Laljhadi Rural Municipality"
7,77,"09","Beldandi Rural Municipality"
